{
  "train_loss": [
    3.334480156839951,
    1.6620556089269838,
    1.0871915056549348,
    0.7920441839737261,
    0.6139835242847791,
    0.4859999512178673,
    0.39085482329252147,
    0.328299952978408,
    0.2752925853917088,
    0.24285594200128421,
    0.2087291835198664
  ],
  "val_loss": [
    2.275111596004383,
    2.114354088499739,
    2.1324815089638167,
    2.1732062926163547,
    2.248071024063471,
    2.3015166887560405,
    2.3821148785384927,
    2.4010991126298906,
    2.4695116597252924,
    2.5731294438645644,
    2.582634865915453
  ],
  "train_lm_loss": [
    3.334480156839951,
    1.6620556089269838,
    1.0871915056549348,
    0.7920441839737261,
    0.6139835242847791,
    0.4859999512178673,
    0.39085482329252147,
    0.328299952978408,
    0.2752925853917088,
    0.24285594200128421,
    0.2087291835198664
  ],
  "val_lm_loss": [
    2.275111596004383,
    2.114354088499739,
    2.1324815089638167,
    2.1732062926163547,
    2.248071024063471,
    2.3015166887560405,
    2.3821148785384927,
    2.4010991126298906,
    2.4695116597252924,
    2.5731294438645644,
    2.582634865915453
  ],
  "train_cont_loss": [
    0.0,
    0.0,
    0.0,
    0.0,
    0.0,
    0.0,
    0.0,
    0.0,
    0.0,
    0.0,
    0.0
  ],
  "val_cont_loss": [
    0.0,
    0.0,
    0.0,
    0.0,
    0.0,
    0.0,
    0.0,
    0.0,
    0.0,
    0.0,
    0.0
  ],
  "medical_f1": [
    0.0,
    0.0,
    0.004916420845624385,
    0.002702702702702703,
    0.009019607843137253,
    0.005263157894736842,
    0.015993265993265993,
    0.009897070467141725,
    0.007462686567164179,
    0.007894736842105263,
    0.011987625676720804
  ],
  "medical_precision": [
    0.0,
    0.0,
    0.0058997050147492625,
    0.002702702702702703,
    0.011764705882352941,
    0.005263157894736842,
    0.016414141414141416,
    0.010688836104513063,
    0.008706467661691543,
    0.007894736842105263,
    0.015081206496519721
  ],
  "medical_recall": [
    0.0,
    0.0,
    0.004424778761061947,
    0.002702702702702703,
    0.00784313725490196,
    0.005263157894736842,
    0.016414141414141416,
    0.010292953285827397,
    0.0070480928689883905,
    0.007894736842105263,
    0.011678267594740912
  ],
  "rouge1": [
    0.04759150423377436,
    0.040090313277493045,
    0.033269079864189595,
    0.041313842960881114,
    0.04235374376568909,
    0.031113807883711753,
    0.034017451612522696,
    0.03368547350083289,
    0.03347939618580711,
    0.03572489723807732,
    0.03210642702088971
  ],
  "rouge2": [
    0.00041943723913798805,
    0.00019402862548789076,
    0.00020692166672617963,
    0.0005811021345582117,
    0.0006079103561432028,
    0.0005301308482096847,
    0.0005282133964490345,
    0.0003521837425179746,
    0.00042488440229717636,
    0.0006768532850805545,
    0.0005023164356438676
  ],
  "rougeL": [
    0.03784043939086288,
    0.03282460434593577,
    0.028185939811790954,
    0.03476430819902914,
    0.03494912408999896,
    0.027018016997867086,
    0.03001293320890901,
    0.02994500532301535,
    0.02903354899979592,
    0.030694159065845234,
    0.02806239803938672
  ],
  "meteor": [
    0.024477345047994013,
    0.021514155115072344,
    0.018084827354364966,
    0.024332360715349034,
    0.02417497720186296,
    0.016270747170648404,
    0.018540590422092232,
    0.018142124604275233,
    0.020058837856048485,
    0.019143307880504758,
    0.018349771134618522
  ],
  "bleu": [
    0.00400926505159173,
    0.003722623967893831,
    0.0032286820525063895,
    0.0038640516047366595,
    0.0038011798569807416,
    0.0027757853774911813,
    0.003229483038875624,
    0.003133419723133882,
    0.003151709935386029,
    0.0031071222659213617,
    0.002935863782863279
  ],
  "learning_rate": [
    5.993449781659389e-06,
    1.1986899563318778e-05,
    1.7980349344978168e-05,
    2.3973799126637556e-05,
    2.9967248908296944e-05,
    2.933786078098472e-05,
    2.867208343439243e-05,
    2.8006306087800145e-05,
    2.7340528741207856e-05,
    2.667475139461557e-05,
    2.6008974048023285e-05
  ]
}